<project xmlns="http://maven.apache.org/POM/4.0.0" xmlns:xsi="http://www.w3.org/2001/XMLSchema-instance" xsi:schemaLocation="http://maven.apache.org/POM/4.0.0 http://maven.apache.org/xsd/maven-4.0.0.xsd">
  <modelVersion>4.0.0</modelVersion>
  <parent>
    <groupId>com.americanexpress</groupId>
    <artifactId>smartserviceengine</artifactId>
    <version>0.1.10-SNAPSHOT</version>
  </parent>
  <artifactId>smartserviceengineEar</artifactId>
  <packaging>ear</packaging>
  <name>smartserviceengineEar</name>
  <description>smartserviceengineEar</description>
  <scm>
		<connection>scm:svn:https://aedc.extra.aexp.com/svn/repos/grove/globalcommerceplatform/smartserviceengine/trunk/smartserviceengineEar</connection> 
	</scm>
  <dependencies>
		<dependency>
			<groupId>com.americanexpress</groupId>
			<artifactId>smartserviceengine_web</artifactId>
			<version>${project.version}</version>
			<type>war</type>
			<scope>provided</scope>
		</dependency>
		<!-- <dependency>
			<groupId>com.americanexpress</groupId>
			<artifactId>smartserviceengine_scheduler</artifactId>
			<version>${project.version}</version>
			<type>war</type>
			<scope>provided</scope>
		</dependency> -->
	</dependencies>
	<build>
			<finalName>smartservices</finalName>
		<plugins>
			<plugin>
				<groupId>org.apache.maven.plugins</groupId>
				<artifactId>maven-ear-plugin</artifactId>
				<configuration>
					<displayName>smartservices</displayName>
					<version>5</version>
					<modules>
						<webModule>
							<groupId>com.americanexpress</groupId>
							<artifactId>smartserviceengine_web</artifactId>
							<bundleFileName>smartservices.war</bundleFileName>
							<contextRoot>/smartservices</contextRoot>
						</webModule>
						<!-- <webModule>
							<groupId>com.americanexpress</groupId>
							<artifactId>smartserviceengine_scheduler</artifactId>
							<bundleFileName>ssescheduler.war</bundleFileName>
							<contextRoot>/ssescheduler</contextRoot>
						</webModule> -->
					</modules>
				</configuration>
			</plugin>
		</plugins>
	</build>
</project>