<project xmlns="http://maven.apache.org/POM/4.0.0" xmlns:xsi="http://www.w3.org/2001/XMLSchema-instance" xsi:schemaLocation="http://maven.apache.org/POM/4.0.0 http://maven.apache.org/xsd/maven-4.0.0.xsd">
	<modelVersion>4.0.0</modelVersion>
	<parent>
		<groupId>com.americanexpress</groupId>
		<artifactId>smartserviceengine</artifactId>
		<version>0.1.10-SNAPSHOT</version>
	</parent>
	<artifactId>smartserviceengine-bipclient</artifactId>
	<name>smartserviceengine-bipclient</name>
	<description>smartserviceengine-bipclient</description>
	<scm>
		<connection>scm:svn:https://aedc.extra.aexp.com/svn/repos/grove/globalcommerceplatform/smartserviceengine/trunk/smartserviceengine_bipclient</connection> 
	</scm>
	<dependencies>
		<dependency>
			<groupId>com.americanexpress.wsf2</groupId>
			<artifactId>wsf2</artifactId>
			<version>${wsf2.version}</version>
			<exclusions>
               <exclusion>
					<groupId>bouncycastle</groupId>
					<artifactId>bcprov-jdk16</artifactId>
                </exclusion>
        	</exclusions>		
		</dependency>
		<dependency>
			<groupId>org.bouncycastle</groupId>
			<artifactId>bcprov-jdk16</artifactId>
			<version>${bouncycastle.version}</version>
		</dependency>
		<dependency>
			<groupId>org.springframework</groupId>
			<artifactId>spring-webmvc</artifactId>
			<version>${spring.version}</version>
		</dependency>
		<dependency>
			<groupId>org.springframework</groupId>
			<artifactId>spring-test</artifactId>
			<version>${spring.version}</version>
		</dependency>
		<dependency>
			<groupId>org.springframework</groupId>
			<artifactId>spring-context</artifactId>
			<version>${spring.version}</version>
			<exclusions>
				<!-- Exclude Commons Logging in favor of SLF4j -->
				<exclusion>
					<groupId>commons-logging</groupId>
					<artifactId>commons-logging</artifactId>
				</exclusion>
			</exclusions>
		</dependency>
		<dependency>
			<groupId>com.fasterxml.jackson.core</groupId>
			<artifactId>jackson-databind</artifactId>
		</dependency>
	</dependencies>
</project>