<project xmlns="http://maven.apache.org/POM/4.0.0" xmlns:xsi="http://www.w3.org/2001/XMLSchema-instance"
	xsi:schemaLocation="http://maven.apache.org/POM/4.0.0 http://maven.apache.org/xsd/maven-4.0.0.xsd">

	<modelVersion>4.0.0</modelVersion>
	<parent>
		<artifactId>smartserviceengine</artifactId>
		<groupId>com.americanexpress</groupId>
		<version>0.1.8-SNAPSHOT</version>
		<relativePath>..</relativePath>
	</parent>
	<groupId>com.americanexpress</groupId>
	<artifactId>smartserviceengine_scheduler</artifactId>
	<packaging>war</packaging>
	<name>smartserviceengine_scheduler</name>
	<!--<scm>
		<connection>scm:svn:https://aedc.extra.aexp.com/svn/repos/grove/globalcommerceplatform/smartserviceengine/trunk/smartserviceengine_scheduler</connection> 
	</scm> -->
	<properties>
		<quartz.version>1.8.6</quartz.version>
	</properties>

	<build>
		<finalName>ssescheduler</finalName>
	</build>

	<dependencies>
		<dependency>
			<groupId>org.springframework</groupId>
			<artifactId>spring-webmvc</artifactId>
			<version>${spring.version}</version>
		</dependency>
		<dependency>
			<groupId>org.springframework</groupId>
			<artifactId>spring-context</artifactId>
			<version>${spring.version}</version>
			<exclusions>
				<!-- Exclude Commons Logging in favor of SLF4j -->
				<exclusion>
					<groupId>commons-logging</groupId>
					<artifactId>commons-logging</artifactId>
				</exclusion>
			</exclusions>
		</dependency>
		
		 <dependency>
			<groupId>org.slf4j</groupId>
			<artifactId>slf4j-api</artifactId>
			<version>${org.slf4j.version}</version>
		</dependency>
		<dependency>
			<groupId>org.slf4j</groupId>
			<artifactId>slf4j-log4j12</artifactId>
			<version>${org.slf4j.version}</version>
		</dependency> 
		<!-- QuartzJobBean in spring-context-support.jar -->
		<dependency>
			<groupId>org.springframework</groupId>
			<artifactId>spring-context-support</artifactId>
			<version>${spring.version}</version>
		</dependency>
		<!-- Spring + Quartz need transaction -->
		<dependency>
			<groupId>org.springframework</groupId>
			<artifactId>spring-tx</artifactId>
			<version>${spring.version}</version>
		</dependency>
		<dependency>
			<groupId>org.springframework</groupId>
			<artifactId>spring-jdbc</artifactId>
			<version>${spring.version}</version>
		</dependency>
		<dependency>
			<groupId>com.americanexpress.util.log4j</groupId>
			<artifactId>amex-log4j</artifactId>
			<version>${amex-log4j.version}</version>
		</dependency>
		<dependency>
			<groupId>com.americanexpress.wsf2</groupId>
			<artifactId>wsf2</artifactId>
			<version>${wsf2.version}</version>
			<exclusions>
				<exclusion>
					<groupId>bouncycastle</groupId>
					<artifactId>bcprov-jdk16</artifactId>
                </exclusion>
			</exclusions>
		</dependency>
		<dependency>
			<groupId>org.bouncycastle</groupId>
			<artifactId>bcprov-jdk16</artifactId>
			<version>${bouncycastle.version}</version>
		</dependency>		
		<dependency>
			<groupId>commons-lang</groupId>
			<artifactId>commons-lang</artifactId>
			<version>${commons.lang.version}</version>
		</dependency>
		<dependency>
			<groupId>javax.servlet</groupId>
			<artifactId>servlet-api</artifactId>
			<version>${servlet-api.version}</version>
			<scope>provided</scope>
		</dependency>
		<dependency>
			<groupId>${project.groupId}</groupId>
			<artifactId>smartserviceengine-bipclient</artifactId>
			<version>${project.version}</version>
		</dependency>
		<dependency>
			<groupId>${project.groupId}</groupId>
			<artifactId>smartserviceengine-emmclient</artifactId>
			<version>${project.version}</version>
		</dependency>
		<dependency>
			<groupId>${project.groupId}</groupId>
			<artifactId>smartserviceengine-app</artifactId>
			<version>${project.version}</version>
		</dependency>
		<dependency>
			<groupId>${project.groupId}</groupId>
			<artifactId>smartserviceengine-common</artifactId>
			<version>${project.version}</version>
		</dependency>
		<dependency>
			<groupId>com.americanexpress.amexlogger</groupId>
			<artifactId>amex-logger-sdk-log4j</artifactId>
			<exclusions>
				<exclusion>
					<groupId>log4j</groupId>
					<artifactId>log4j</artifactId>
				</exclusion>
			</exclusions>
		</dependency>
		<dependency>
			<groupId>commons-io</groupId>
			<artifactId>commons-io</artifactId>
		</dependency>
		<!-- Quartz framework -->
		<dependency>
			<groupId>org.quartz-scheduler</groupId>
			<artifactId>quartz</artifactId>
			<version>${quartz.version}</version>
			<exclusions>

				<exclusion>
					<groupId>org.slf4j</groupId>
					<artifactId>slf4j-api</artifactId>
				</exclusion>
			</exclusions>
		</dependency>
		<dependency>
			<groupId>junit</groupId>
			<artifactId>junit</artifactId>
			<version>3.8.1</version>
			<scope>test</scope>
		</dependency>
	</dependencies>
</project>