<project xmlns="http://maven.apache.org/POM/4.0.0" xmlns:xsi="http://www.w3.org/2001/XMLSchema-instance" xsi:schemaLocation="http://maven.apache.org/POM/4.0.0 http://maven.apache.org/xsd/maven-4.0.0.xsd">
	<modelVersion>4.0.0</modelVersion>
	<parent>
		<groupId>com.americanexpress</groupId>
		<artifactId>smartserviceengine</artifactId>
		<version>0.1.10-SNAPSHOT</version>
	</parent>
	<artifactId>smartserviceengine-app</artifactId>
	<name>smartserviceengine-app</name>
	<description>smartserviceengine-app</description>
	<scm>
		<connection>scm:svn:https://aedc.extra.aexp.com/svn/repos/grove/globalcommerceplatform/smartserviceengine/trunk/smartserviceengine_app</connection>
	</scm>
	<dependencies>
		<dependency>
			<groupId>org.springframework</groupId>
			<artifactId>spring-webmvc</artifactId>
			<version>${spring.version}</version>
		</dependency>
		<dependency>
			<groupId>org.springframework</groupId>
			<artifactId>spring-test</artifactId>
			<version>${spring.version}</version>
		</dependency>

		<dependency>
			<groupId>com.lowagie</groupId>
			<artifactId>itext</artifactId>
			<version>2.1.5</version>
        	<exclusions>
                <exclusion>
					<groupId>bouncycastle</groupId>
					<artifactId>bcmail-jdk14</artifactId>
                </exclusion>
                <exclusion>
					<groupId>bouncycastle</groupId>
					<artifactId>bcprov-jdk14</artifactId>
                </exclusion>
        	</exclusions>			
		</dependency>
		<dependency>
			<groupId>org.bouncycastle</groupId>
			<artifactId>bcmail-jdk16</artifactId>
			<version>${bouncycastle.version}</version>
		</dependency>
		<dependency>
			<groupId>org.bouncycastle</groupId>
			<artifactId>bcprov-jdk16</artifactId>
			<version>${bouncycastle.version}</version>
		</dependency>
		<dependency>
			<groupId>org.springframework</groupId>
			<artifactId>spring-jdbc</artifactId>
			<version>${spring.version}</version>
		</dependency>
		<dependency>
			<groupId>com.americanexpress</groupId>
			<artifactId>smartserviceengine-common</artifactId>
			<version>${project.version}</version>
		</dependency>
		<dependency>
			<groupId>com.americanexpress</groupId>
			<artifactId>smartserviceengine-emmclient</artifactId>
			<version>${project.version}</version>
			<exclusions>
				<exclusion>
					<artifactId>juice</artifactId>
					<groupId>com.americanexpress.util.juice</groupId>
				</exclusion>
			</exclusions>
		</dependency>
		<dependency>
			<groupId>com.americanexpress</groupId>
			<artifactId>smartserviceengine-bipclient</artifactId>
			<version>${project.version}</version>
		</dependency>
		<dependency>
			<groupId>com.americanexpress</groupId>
			<artifactId>ace_dcpclient</artifactId>
			<version>${project.version}</version>
		</dependency>	
		<dependency>
			<groupId>com.americanexpress</groupId>
			<artifactId>ace_gdasclient</artifactId>
			<version>${project.version}</version>
		</dependency>
		<dependency>
			<groupId>com.americanexpress</groupId>
			<artifactId>ace_ngssclient</artifactId>
			<version>${project.version}</version>
		</dependency>
        <dependency>
			<groupId>com.americanexpress</groupId>
			<artifactId>ace_etvclient</artifactId>
			<version>${project.version}</version>
		</dependency>
		<dependency>
			<groupId>com.americanexpress</groupId>
			<artifactId>ace_emailageclient</artifactId>
			<version>${project.version}</version>
		</dependency>			
		<dependency>
			<groupId>com.americanexpress</groupId>
			<artifactId>smartserviceengine-gsclient</artifactId>
			<version>${project.version}</version>
		</dependency>
		<dependency>
			<groupId>com.americanexpress.util.juice</groupId>
			<artifactId>juice</artifactId>
			<version>3.0.4</version>
		</dependency>
		<dependency>
			<groupId>org.springframework</groupId>
			<artifactId>spring-context</artifactId>
			<version>${spring.version}</version>
			<exclusions>
				<!-- Exclude Commons Logging in favor of SLF4j -->
				<exclusion>
					<groupId>commons-logging</groupId>
					<artifactId>commons-logging</artifactId>
				</exclusion>
			</exclusions>
		</dependency>
		<dependency>
			<groupId>com.americanexpress.amexlogger</groupId>
			<artifactId>amex-logger-sdk-log4j</artifactId>
			<exclusions>
				<exclusion>
					<groupId>log4j</groupId>
					<artifactId>log4j</artifactId>
				</exclusion>
			</exclusions>
		</dependency>
		<dependency>
			<groupId>org.slf4j</groupId>
			<artifactId>slf4j-api</artifactId>
			<version>${org.slf4j.version}</version>
		</dependency>
		<dependency>
			<groupId>org.slf4j</groupId>
			<artifactId>slf4j-log4j12</artifactId>
			<version>${org.slf4j.version}</version>
		</dependency>
		<dependency>
			<groupId>commons-lang</groupId>
			<artifactId>commons-lang</artifactId>
			<version>${commons.lang.version}</version>
		</dependency>

		<dependency>
			<groupId>org.springframework</groupId>
			<artifactId>spring-jms</artifactId>
			<version>3.2.4.RELEASE</version>
		</dependency>
		<dependency>
			<groupId>com.solacesystems</groupId>
			<artifactId>solace-common</artifactId>
			<version>7.1.0.207</version>
		</dependency>
		<dependency>
			<groupId>com.solacesystems</groupId>
			<artifactId>solace-jcsmp</artifactId>
			<version>7.1.0.207</version>
		</dependency>
		<dependency>
			<groupId>com.solacesystems</groupId>
			<artifactId>solace-jms</artifactId>
			<version>7.1.0.207</version>
		</dependency>
		<dependency>
			<groupId>javax.jms</groupId>
			<artifactId>jms</artifactId>
			<version>1.1</version>
		</dependency>
		<dependency>
		  <groupId>com.itextpdf</groupId>
		  <artifactId>itextpdf</artifactId>
		  <version>5.5.6</version>
		</dependency>
		<dependency>
		  <groupId>com.itextpdf.tool</groupId>
		  <artifactId>xmlworker</artifactId>
		  <version>5.5.6</version>
		</dependency>
		<dependency>
			<groupId>net.sf.ehcache</groupId>
			<artifactId>ehcache-core</artifactId>
			<version>${ehcache.version}</version>
		</dependency>
	</dependencies>
</project>