<project xmlns="http://maven.apache.org/POM/4.0.0" xmlns:xsi="http://www.w3.org/2001/XMLSchema-instance" xsi:schemaLocation="http://maven.apache.org/POM/4.0.0 http://maven.apache.org/xsd/maven-4.0.0.xsd">
	<modelVersion>4.0.0</modelVersion>
	<parent>
		<groupId>com.americanexpress</groupId>
		<artifactId>smartserviceengine</artifactId>
		<version>0.1.10-SNAPSHOT</version>
	</parent>
	<artifactId>smartserviceengine-common</artifactId>
	<name>smartserviceengine-common</name>
	<description>smartserviceengine-common</description>
	<scm>
		<connection>scm:svn:https://aedc.extra.aexp.com/svn/repos/grove/globalcommerceplatform/smartserviceengine/trunk/smartserviceengine_common</connection> 
	</scm>
	<dependencies>
		<dependency>
			<groupId>org.springframework</groupId>
			<artifactId>spring-webmvc</artifactId>
			<version>${spring.version}</version>
		</dependency>
		<dependency>
			<groupId>commons-lang</groupId>
			<artifactId>commons-lang</artifactId>
			<version>${commons.lang.version}</version>
		</dependency>
		<dependency>
		  <groupId>commons-io</groupId>
		  <artifactId>commons-io</artifactId>
		</dependency>
		<dependency>
		  <groupId>commons-codec</groupId>
		  <artifactId>commons-codec</artifactId>
		  <version>1.6</version>
		</dependency>
		<dependency>
			<groupId>org.springframework</groupId>
			<artifactId>spring-test</artifactId>
			<version>${spring.version}</version>
		</dependency>
		<dependency>
			<groupId>org.springframework</groupId>
			<artifactId>spring-context</artifactId>
			<version>${spring.version}</version>
			<exclusions>
				<!-- Exclude Commons Logging in favor of SLF4j -->
				<exclusion>
					<groupId>commons-logging</groupId>
					<artifactId>commons-logging</artifactId>
				</exclusion>
			</exclusions>
		</dependency>
		<dependency>
		  <groupId>javax.mail</groupId>
		  <artifactId>mail</artifactId>
		  <scope>provided</scope>
		  <version>1.4.7</version>
		</dependency>
		<dependency>
			<groupId>com.americanexpress.util.log4j</groupId>
			<artifactId>amex-log4j</artifactId>
			<version>${amex-log4j.version}</version>
		</dependency>
		<dependency>
			<groupId>com.americanexpress.amexlogger</groupId>
			<artifactId>amex-logger-sdk-log4j</artifactId>
			<exclusions>
				<exclusion>
					<groupId>log4j</groupId>
					<artifactId>log4j</artifactId>
				</exclusion>
			</exclusions>
		</dependency>
		<dependency>
			<groupId>org.slf4j</groupId>
			<artifactId>slf4j-api</artifactId>
			<version>${org.slf4j.version}</version>
		</dependency>
		<dependency>
			<groupId>org.slf4j</groupId>
			<artifactId>slf4j-log4j12</artifactId>
			<version>${org.slf4j.version}</version>
		</dependency>
			<!--  <dependency>
			<groupId>com.aexp.rcapi-b2b</groupId>
			<artifactId>jackson-core-asl</artifactId>
			<version>${jackson.version}</version>
		</dependency>
		<dependency>
			<groupId>com.aexp.rcapi-b2b</groupId>
			<artifactId>jackson-jaxrs</artifactId>
			<version>${jackson.version}</version>
		</dependency>
		<dependency>
			<groupId>com.aexp.rcapi-b2b</groupId>
			<artifactId>jackson-mapper-asl</artifactId>
			<version>${jackson.version}</version>
		</dependency>
		<dependency>
			<groupId>com.aexp.rcapi-b2b</groupId>
			<artifactId>jackson-xc</artifactId>
			<version>${jackson-xc.version}</version>
		</dependency> -->
		
		<dependency>
				<groupId>org.codehaus.jackson</groupId>
				<artifactId>jackson-jaxrs</artifactId>
				<version>${jackson-jaxrs.version}</version>
			</dependency>

			<dependency>
				<groupId>org.codehaus.jackson</groupId>
				<artifactId>jackson-core-asl</artifactId>
				<version>${jackson.version}</version>
			</dependency>
		
			<dependency>
				<groupId>org.codehaus.jackson</groupId>
				<artifactId>jackson-mapper-asl</artifactId>
				<version>${jackson.version}</version>
			</dependency>

			<dependency>
				<groupId>org.codehaus.jackson</groupId>
				<artifactId>jackson-xc</artifactId>
				<version>${jackson-xc.version}</version>
			</dependency>
		<!--<dependency>
			<groupId>org.codehaus.jackson</groupId>
			<artifactId>jackson-all</artifactId>
			<version>1.9.0</version>
		</dependency>-->
		<dependency>
			<groupId>com.fasterxml.jackson.core</groupId>
			<artifactId>jackson-databind</artifactId>
		</dependency>
        <dependency>
            <groupId>net.sf.ehcache</groupId>
            <artifactId>ehcache-core</artifactId>
            <version>${ehcache.version}</version>
        </dependency>
        <dependency>
			<groupId>javax.validation</groupId>
			<artifactId>validation-api</artifactId>
			<version>1.1.0.Final</version>
		</dependency>
	</dependencies>
</project>